Terytorium;Przyst¹pi³o_zda³o;P³eæ;Rok;Liczba osób
Polska;przyst¹pi³o;mê¿czyŸni;2010;160988
Polska;przyst¹pi³o;kobiety;2010;205635
Polska;przyst¹pi³o;mê¿czyŸni;2011;150984
Polska;przyst¹pi³o;kobiety;2011;192840
Polska;przyst¹pi³o;mê¿czyŸni;2012;145321
Polska;przyst¹pi³o;kobiety;2012;184697
Polska;przyst¹pi³o;mê¿czyŸni;2013;139294
Polska;przyst¹pi³o;kobiety;2013;175191
Polska;przyst¹pi³o;mê¿czyŸni;2014;130721
Polska;przyst¹pi³o;kobiety;2014;163253
Polska;przyst¹pi³o;mê¿czyŸni;2015;123785
Polska;przyst¹pi³o;kobiety;2015;151783
Polska;przyst¹pi³o;mê¿czyŸni;2016;115469
Polska;przyst¹pi³o;kobiety;2016;142903
Polska;przyst¹pi³o;mê¿czyŸni;2017;116577
Polska;przyst¹pi³o;kobiety;2017;141453
Polska;przyst¹pi³o;mê¿czyŸni;2018;112592
Polska;przyst¹pi³o;kobiety;2018;135248
Polska;zda³o;mê¿czyŸni;2010;129647
Polska;zda³o;kobiety;2010;169125
Polska;zda³o;mê¿czyŸni;2011;113551
Polska;zda³o;kobiety;2011;145978
Polska;zda³o;mê¿czyŸni;2012;116132
Polska;zda³o;kobiety;2012;148990
Polska;zda³o;mê¿czyŸni;2013;111469
Polska;zda³o;kobiety;2013;143588
Polska;zda³o;mê¿czyŸni;2014;91146
Polska;zda³o;kobiety;2014;116877
Polska;zda³o;mê¿czyŸni;2015;91984
Polska;zda³o;kobiety;2015;112513
Polska;zda³o;mê¿czyŸni;2016;91574
Polska;zda³o;kobiety;2016;113787
Polska;zda³o;mê¿czyŸni;2017;91334
Polska;zda³o;kobiety;2017;111216
Polska;zda³o;mê¿czyŸni;2018;88637
Polska;zda³o;kobiety;2018;108779
Dolnoœl¹skie;przyst¹pi³o;mê¿czyŸni;2010;9951
Dolnoœl¹skie;przyst¹pi³o;kobiety;2010;13448
Dolnoœl¹skie;przyst¹pi³o;mê¿czyŸni;2011;9386
Dolnoœl¹skie;przyst¹pi³o;kobiety;2011;12146
Dolnoœl¹skie;przyst¹pi³o;mê¿czyŸni;2012;9187
Dolnoœl¹skie;przyst¹pi³o;kobiety;2012;11752
Dolnoœl¹skie;przyst¹pi³o;mê¿czyŸni;2013;8764
Dolnoœl¹skie;przyst¹pi³o;kobiety;2013;11370
Dolnoœl¹skie;przyst¹pi³o;mê¿czyŸni;2014;8459
Dolnoœl¹skie;przyst¹pi³o;kobiety;2014;10474
Dolnoœl¹skie;przyst¹pi³o;mê¿czyŸni;2015;8184
Dolnoœl¹skie;przyst¹pi³o;kobiety;2015;9579
Dolnoœl¹skie;przyst¹pi³o;mê¿czyŸni;2016;7481
Dolnoœl¹skie;przyst¹pi³o;kobiety;2016;9208
Dolnoœl¹skie;przyst¹pi³o;mê¿czyŸni;2017;7554
Dolnoœl¹skie;przyst¹pi³o;kobiety;2017;9077
Dolnoœl¹skie;przyst¹pi³o;mê¿czyŸni;2018;7054
Dolnoœl¹skie;przyst¹pi³o;kobiety;2018;8444
Dolnoœl¹skie;zda³o;mê¿czyŸni;2010;8171
Dolnoœl¹skie;zda³o;kobiety;2010;11005
Dolnoœl¹skie;zda³o;mê¿czyŸni;2011;7090
Dolnoœl¹skie;zda³o;kobiety;2011;9018
Dolnoœl¹skie;zda³o;mê¿czyŸni;2012;7425
Dolnoœl¹skie;zda³o;kobiety;2012;9344
Dolnoœl¹skie;zda³o;mê¿czyŸni;2013;7019
Dolnoœl¹skie;zda³o;kobiety;2013;9208
Dolnoœl¹skie;zda³o;mê¿czyŸni;2014;5881
Dolnoœl¹skie;zda³o;kobiety;2014;7223
Dolnoœl¹skie;zda³o;mê¿czyŸni;2015;6054
Dolnoœl¹skie;zda³o;kobiety;2015;6871
Dolnoœl¹skie;zda³o;mê¿czyŸni;2016;5873
Dolnoœl¹skie;zda³o;kobiety;2016;7041
Dolnoœl¹skie;zda³o;mê¿czyŸni;2017;5833
Dolnoœl¹skie;zda³o;kobiety;2017;6820
Dolnoœl¹skie;zda³o;mê¿czyŸni;2018;5474
Dolnoœl¹skie;zda³o;kobiety;2018;6476
Kujawsko-pomorskie;przyst¹pi³o;mê¿czyŸni;2010;8001
Kujawsko-pomorskie;przyst¹pi³o;kobiety;2010;10636
Kujawsko-pomorskie;przyst¹pi³o;mê¿czyŸni;2011;7554
Kujawsko-pomorskie;przyst¹pi³o;kobiety;2011;10334
Kujawsko-pomorskie;przyst¹pi³o;mê¿czyŸni;2012;7218
Kujawsko-pomorskie;przyst¹pi³o;kobiety;2012;9541
Kujawsko-pomorskie;przyst¹pi³o;mê¿czyŸni;2013;7208
Kujawsko-pomorskie;przyst¹pi³o;kobiety;2013;9346
Kujawsko-pomorskie;przyst¹pi³o;mê¿czyŸni;2014;6700
Kujawsko-pomorskie;przyst¹pi³o;kobiety;2014;8779
Kujawsko-pomorskie;przyst¹pi³o;mê¿czyŸni;2015;6593
Kujawsko-pomorskie;przyst¹pi³o;kobiety;2015;8295
Kujawsko-pomorskie;przyst¹pi³o;mê¿czyŸni;2016;6002
Kujawsko-pomorskie;przyst¹pi³o;kobiety;2016;7560
Kujawsko-pomorskie;przyst¹pi³o;mê¿czyŸni;2017;6165
Kujawsko-pomorskie;przyst¹pi³o;kobiety;2017;7359
Kujawsko-pomorskie;przyst¹pi³o;mê¿czyŸni;2018;5615
Kujawsko-pomorskie;przyst¹pi³o;kobiety;2018;6883
Kujawsko-pomorskie;zda³o;mê¿czyŸni;2010;6642
Kujawsko-pomorskie;zda³o;kobiety;2010;8803
Kujawsko-pomorskie;zda³o;mê¿czyŸni;2011;5733
Kujawsko-pomorskie;zda³o;kobiety;2011;7696
Kujawsko-pomorskie;zda³o;mê¿czyŸni;2012;5798
Kujawsko-pomorskie;zda³o;kobiety;2012;7689
Kujawsko-pomorskie;zda³o;mê¿czyŸni;2013;5814
Kujawsko-pomorskie;zda³o;kobiety;2013;7705
Kujawsko-pomorskie;zda³o;mê¿czyŸni;2014;4808
Kujawsko-pomorskie;zda³o;kobiety;2014;6166
Kujawsko-pomorskie;zda³o;mê¿czyŸni;2015;4930
Kujawsko-pomorskie;zda³o;kobiety;2015;5990
Kujawsko-pomorskie;zda³o;mê¿czyŸni;2016;4736
Kujawsko-pomorskie;zda³o;kobiety;2016;5920
Kujawsko-pomorskie;zda³o;mê¿czyŸni;2017;4757
Kujawsko-pomorskie;zda³o;kobiety;2017;5791
Kujawsko-pomorskie;zda³o;mê¿czyŸni;2018;4360
Kujawsko-pomorskie;zda³o;kobiety;2018;5415
Lubelskie;przyst¹pi³o;mê¿czyŸni;2010;10442
Lubelskie;przyst¹pi³o;kobiety;2010;13185
Lubelskie;przyst¹pi³o;mê¿czyŸni;2011;10006
Lubelskie;przyst¹pi³o;kobiety;2011;12715
Lubelskie;przyst¹pi³o;mê¿czyŸni;2012;9670
Lubelskie;przyst¹pi³o;kobiety;2012;11861
Lubelskie;przyst¹pi³o;mê¿czyŸni;2013;9117
Lubelskie;przyst¹pi³o;kobiety;2013;11425
Lubelskie;przyst¹pi³o;mê¿czyŸni;2014;8448
Lubelskie;przyst¹pi³o;kobiety;2014;10361
Lubelskie;przyst¹pi³o;mê¿czyŸni;2015;7807
Lubelskie;przyst¹pi³o;kobiety;2015;9656
Lubelskie;przyst¹pi³o;mê¿czyŸni;2016;7336
Lubelskie;przyst¹pi³o;kobiety;2016;9096
Lubelskie;przyst¹pi³o;mê¿czyŸni;2017;7512
Lubelskie;przyst¹pi³o;kobiety;2017;9234
Lubelskie;przyst¹pi³o;mê¿czyŸni;2018;2543
Lubelskie;przyst¹pi³o;kobiety;2018;3160
Lubelskie;zda³o;mê¿czyŸni;2010;8124
Lubelskie;zda³o;kobiety;2010;10738
Lubelskie;zda³o;mê¿czyŸni;2011;7246
Lubelskie;zda³o;kobiety;2011;9574
Lubelskie;zda³o;mê¿czyŸni;2012;7594
Lubelskie;zda³o;kobiety;2012;9627
Lubelskie;zda³o;mê¿czyŸni;2013;7186
Lubelskie;zda³o;kobiety;2013;9300
Lubelskie;zda³o;mê¿czyŸni;2014;5752
Lubelskie;zda³o;kobiety;2014;7458
Lubelskie;zda³o;mê¿czyŸni;2015;5617
Lubelskie;zda³o;kobiety;2015;7102
Lubelskie;zda³o;mê¿czyŸni;2016;5761
Lubelskie;zda³o;kobiety;2016;7287
Lubelskie;zda³o;mê¿czyŸni;2017;5783
Lubelskie;zda³o;kobiety;2017;7247
Lubelskie;zda³o;mê¿czyŸni;2018;2043
Lubelskie;zda³o;kobiety;2018;2502
Lubuskie;przyst¹pi³o;mê¿czyŸni;2010;3745
Lubuskie;przyst¹pi³o;kobiety;2010;5079
Lubuskie;przyst¹pi³o;mê¿czyŸni;2011;3351
Lubuskie;przyst¹pi³o;kobiety;2011;4439
Lubuskie;przyst¹pi³o;mê¿czyŸni;2012;3203
Lubuskie;przyst¹pi³o;kobiety;2012;4353
Lubuskie;przyst¹pi³o;mê¿czyŸni;2013;3121
Lubuskie;przyst¹pi³o;kobiety;2013;4222
Lubuskie;przyst¹pi³o;mê¿czyŸni;2014;3028
Lubuskie;przyst¹pi³o;kobiety;2014;3959
Lubuskie;przyst¹pi³o;mê¿czyŸni;2015;2811
Lubuskie;przyst¹pi³o;kobiety;2015;3532
Lubuskie;przyst¹pi³o;mê¿czyŸni;2016;2520
Lubuskie;przyst¹pi³o;kobiety;2016;3244
Lubuskie;przyst¹pi³o;mê¿czyŸni;2017;2687
Lubuskie;przyst¹pi³o;kobiety;2017;3272
Lubuskie;przyst¹pi³o;mê¿czyŸni;2018;7219
Lubuskie;przyst¹pi³o;kobiety;2018;8531
Lubuskie;zda³o;mê¿czyŸni;2010;3067
Lubuskie;zda³o;kobiety;2010;4197
Lubuskie;zda³o;mê¿czyŸni;2011;2593
Lubuskie;zda³o;kobiety;2011;3378
Lubuskie;zda³o;mê¿czyŸni;2012;2684
Lubuskie;zda³o;kobiety;2012;3538
Lubuskie;zda³o;mê¿czyŸni;2013;2608
Lubuskie;zda³o;kobiety;2013;3498
Lubuskie;zda³o;mê¿czyŸni;2014;2260
Lubuskie;zda³o;kobiety;2014;2887
Lubuskie;zda³o;mê¿czyŸni;2015;2166
Lubuskie;zda³o;kobiety;2015;2642
Lubuskie;zda³o;mê¿czyŸni;2016;2068
Lubuskie;zda³o;kobiety;2016;2631
Lubuskie;zda³o;mê¿czyŸni;2017;2185
Lubuskie;zda³o;kobiety;2017;2568
Lubuskie;zda³o;mê¿czyŸni;2018;5562
Lubuskie;zda³o;kobiety;2018;6926
£ódzkie;przyst¹pi³o;mê¿czyŸni;2010;10280
£ódzkie;przyst¹pi³o;kobiety;2010;13152
£ódzkie;przyst¹pi³o;mê¿czyŸni;2011;9715
£ódzkie;przyst¹pi³o;kobiety;2011;12110
£ódzkie;przyst¹pi³o;mê¿czyŸni;2012;9181
£ódzkie;przyst¹pi³o;kobiety;2012;11925
£ódzkie;przyst¹pi³o;mê¿czyŸni;2013;8985
£ódzkie;przyst¹pi³o;kobiety;2013;11134
£ódzkie;przyst¹pi³o;mê¿czyŸni;2014;8318
£ódzkie;przyst¹pi³o;kobiety;2014;10353
£ódzkie;przyst¹pi³o;mê¿czyŸni;2015;7896
£ódzkie;przyst¹pi³o;kobiety;2015;9600
£ódzkie;przyst¹pi³o;mê¿czyŸni;2016;7462
£ódzkie;przyst¹pi³o;kobiety;2016;8940
£ódzkie;przyst¹pi³o;mê¿czyŸni;2017;7233
£ódzkie;przyst¹pi³o;kobiety;2017;8956
£ódzkie;przyst¹pi³o;mê¿czyŸni;2018;7178
£ódzkie;przyst¹pi³o;kobiety;2018;8480
£ódzkie;zda³o;mê¿czyŸni;2010;8243
£ódzkie;zda³o;kobiety;2010;10951
£ódzkie;zda³o;mê¿czyŸni;2011;7330
£ódzkie;zda³o;kobiety;2011;9257
£ódzkie;zda³o;mê¿czyŸni;2012;7287
£ódzkie;zda³o;kobiety;2012;9616
£ódzkie;zda³o;mê¿czyŸni;2013;7097
£ódzkie;zda³o;kobiety;2013;9109
£ódzkie;zda³o;mê¿czyŸni;2014;5777
£ódzkie;zda³o;kobiety;2014;7538
£ódzkie;zda³o;mê¿czyŸni;2015;5843
£ódzkie;zda³o;kobiety;2015;7080
£ódzkie;zda³o;mê¿czyŸni;2016;5820
£ódzkie;zda³o;kobiety;2016;7284
£ódzkie;zda³o;mê¿czyŸni;2017;5699
£ódzkie;zda³o;kobiety;2017;7166
£ódzkie;zda³o;mê¿czyŸni;2018;5583
£ódzkie;zda³o;kobiety;2018;6833
Ma³opolskie;przyst¹pi³o;mê¿czyŸni;2010;15190
Ma³opolskie;przyst¹pi³o;kobiety;2010;19794
Ma³opolskie;przyst¹pi³o;mê¿czyŸni;2011;14637
Ma³opolskie;przyst¹pi³o;kobiety;2011;18681
Ma³opolskie;przyst¹pi³o;mê¿czyŸni;2012;13877
Ma³opolskie;przyst¹pi³o;kobiety;2012;17914
Ma³opolskie;przyst¹pi³o;mê¿czyŸni;2013;13273
Ma³opolskie;przyst¹pi³o;kobiety;2013;16982
Ma³opolskie;przyst¹pi³o;mê¿czyŸni;2014;12562
Ma³opolskie;przyst¹pi³o;kobiety;2014;15697
Ma³opolskie;przyst¹pi³o;mê¿czyŸni;2015;11843
Ma³opolskie;przyst¹pi³o;kobiety;2015;14577
Ma³opolskie;przyst¹pi³o;mê¿czyŸni;2016;11143
Ma³opolskie;przyst¹pi³o;kobiety;2016;13893
Ma³opolskie;przyst¹pi³o;mê¿czyŸni;2017;11016
Ma³opolskie;przyst¹pi³o;kobiety;2017;13789
Ma³opolskie;przyst¹pi³o;mê¿czyŸni;2018;11042
Ma³opolskie;przyst¹pi³o;kobiety;2018;13826
Ma³opolskie;zda³o;mê¿czyŸni;2010;12328
Ma³opolskie;zda³o;kobiety;2010;16558
Ma³opolskie;zda³o;mê¿czyŸni;2011;11328
Ma³opolskie;zda³o;kobiety;2011;14413
Ma³opolskie;zda³o;mê¿czyŸni;2012;11427
Ma³opolskie;zda³o;kobiety;2012;14782
Ma³opolskie;zda³o;mê¿czyŸni;2013;10931
Ma³opolskie;zda³o;kobiety;2013;14343
Ma³opolskie;zda³o;mê¿czyŸni;2014;8951
Ma³opolskie;zda³o;kobiety;2014;11630
Ma³opolskie;zda³o;mê¿czyŸni;2015;9173
Ma³opolskie;zda³o;kobiety;2015;11297
Ma³opolskie;zda³o;mê¿czyŸni;2016;9152
Ma³opolskie;zda³o;kobiety;2016;11410
Ma³opolskie;zda³o;mê¿czyŸni;2017;9002
Ma³opolskie;zda³o;kobiety;2017;11482
Ma³opolskie;zda³o;mê¿czyŸni;2018;9099
Ma³opolskie;zda³o;kobiety;2018;11580
Mazowieckie;przyst¹pi³o;mê¿czyŸni;2010;22265
Mazowieckie;przyst¹pi³o;kobiety;2010;27651
Mazowieckie;przyst¹pi³o;mê¿czyŸni;2011;20920
Mazowieckie;przyst¹pi³o;kobiety;2011;26010
Mazowieckie;przyst¹pi³o;mê¿czyŸni;2012;20796
Mazowieckie;przyst¹pi³o;kobiety;2012;25683
Mazowieckie;przyst¹pi³o;mê¿czyŸni;2013;20071
Mazowieckie;przyst¹pi³o;kobiety;2013;24151
Mazowieckie;przyst¹pi³o;mê¿czyŸni;2014;19384
Mazowieckie;przyst¹pi³o;kobiety;2014;23365
Mazowieckie;przyst¹pi³o;mê¿czyŸni;2015;18074
Mazowieckie;przyst¹pi³o;kobiety;2015;21622
Mazowieckie;przyst¹pi³o;mê¿czyŸni;2016;17140
Mazowieckie;przyst¹pi³o;kobiety;2016;20468
Mazowieckie;przyst¹pi³o;mê¿czyŸni;2017;17474
Mazowieckie;przyst¹pi³o;kobiety;2017;20174
Mazowieckie;przyst¹pi³o;mê¿czyŸni;2018;17099
Mazowieckie;przyst¹pi³o;kobiety;2018;19815
Mazowieckie;zda³o;mê¿czyŸni;2010;18015
Mazowieckie;zda³o;kobiety;2010;22719
Mazowieckie;zda³o;mê¿czyŸni;2011;15920
Mazowieckie;zda³o;kobiety;2011;19934
Mazowieckie;zda³o;mê¿czyŸni;2012;16628
Mazowieckie;zda³o;kobiety;2012;20818
Mazowieckie;zda³o;mê¿czyŸni;2013;16004
Mazowieckie;zda³o;kobiety;2013;19783
Mazowieckie;zda³o;mê¿czyŸni;2014;13571
Mazowieckie;zda³o;kobiety;2014;16901
Mazowieckie;zda³o;mê¿czyŸni;2015;13439
Mazowieckie;zda³o;kobiety;2015;16255
Mazowieckie;zda³o;mê¿czyŸni;2016;13982
Mazowieckie;zda³o;kobiety;2016;16672
Mazowieckie;zda³o;mê¿czyŸni;2017;13953
Mazowieckie;zda³o;kobiety;2017;16290
Mazowieckie;zda³o;mê¿czyŸni;2018;13712
Mazowieckie;zda³o;kobiety;2018;16256
Opolskie;przyst¹pi³o;mê¿czyŸni;2010;4148
Opolskie;przyst¹pi³o;kobiety;2010;5067
Opolskie;przyst¹pi³o;mê¿czyŸni;2011;3597
Opolskie;przyst¹pi³o;kobiety;2011;4638
Opolskie;przyst¹pi³o;mê¿czyŸni;2012;3502
Opolskie;przyst¹pi³o;kobiety;2012;4378
Opolskie;przyst¹pi³o;mê¿czyŸni;2013;3303
Opolskie;przyst¹pi³o;kobiety;2013;4104
Opolskie;przyst¹pi³o;mê¿czyŸni;2014;2970
Opolskie;przyst¹pi³o;kobiety;2014;3863
Opolskie;przyst¹pi³o;mê¿czyŸni;2015;2888
Opolskie;przyst¹pi³o;kobiety;2015;3488
Opolskie;przyst¹pi³o;mê¿czyŸni;2016;2665
Opolskie;przyst¹pi³o;kobiety;2016;3446
Opolskie;przyst¹pi³o;mê¿czyŸni;2017;2686
Opolskie;przyst¹pi³o;kobiety;2017;3385
Opolskie;przyst¹pi³o;mê¿czyŸni;2018;2522
Opolskie;przyst¹pi³o;kobiety;2018;3035
Opolskie;zda³o;mê¿czyŸni;2010;3368
Opolskie;zda³o;kobiety;2010;4185
Opolskie;zda³o;mê¿czyŸni;2011;2661
Opolskie;zda³o;kobiety;2011;3510
Opolskie;zda³o;mê¿czyŸni;2012;2756
Opolskie;zda³o;kobiety;2012;3533
Opolskie;zda³o;mê¿czyŸni;2013;2610
Opolskie;zda³o;kobiety;2013;3375
Opolskie;zda³o;mê¿czyŸni;2014;2019
Opolskie;zda³o;kobiety;2014;2754
Opolskie;zda³o;mê¿czyŸni;2015;2188
Opolskie;zda³o;kobiety;2015;2622
Opolskie;zda³o;mê¿czyŸni;2016;2132
Opolskie;zda³o;kobiety;2016;2708
Opolskie;zda³o;mê¿czyŸni;2017;2093
Opolskie;zda³o;kobiety;2017;2619
Opolskie;zda³o;mê¿czyŸni;2018;1971
Opolskie;zda³o;kobiety;2018;2384
Podkarpackie;przyst¹pi³o;mê¿czyŸni;2010;10459
Podkarpackie;przyst¹pi³o;kobiety;2010;13194
Podkarpackie;przyst¹pi³o;mê¿czyŸni;2011;9937
Podkarpackie;przyst¹pi³o;kobiety;2011;12784
Podkarpackie;przyst¹pi³o;mê¿czyŸni;2012;9405
Podkarpackie;przyst¹pi³o;kobiety;2012;12344
Podkarpackie;przyst¹pi³o;mê¿czyŸni;2013;8959
Podkarpackie;przyst¹pi³o;kobiety;2013;11403
Podkarpackie;przyst¹pi³o;mê¿czyŸni;2014;8437
Podkarpackie;przyst¹pi³o;kobiety;2014;10449
Podkarpackie;przyst¹pi³o;mê¿czyŸni;2015;8154
Podkarpackie;przyst¹pi³o;kobiety;2015;9826
Podkarpackie;przyst¹pi³o;mê¿czyŸni;2016;7463
Podkarpackie;przyst¹pi³o;kobiety;2016;9373
Podkarpackie;przyst¹pi³o;mê¿czyŸni;2017;7575
Podkarpackie;przyst¹pi³o;kobiety;2017;9385
Podkarpackie;przyst¹pi³o;mê¿czyŸni;2018;7244
Podkarpackie;przyst¹pi³o;kobiety;2018;8667
Podkarpackie;zda³o;mê¿czyŸni;2010;8263
Podkarpackie;zda³o;kobiety;2010;10890
Podkarpackie;zda³o;mê¿czyŸni;2011;7303
Podkarpackie;zda³o;kobiety;2011;9632
Podkarpackie;zda³o;mê¿czyŸni;2012;7408
Podkarpackie;zda³o;kobiety;2012;9900
Podkarpackie;zda³o;mê¿czyŸni;2013;7056
Podkarpackie;zda³o;kobiety;2013;9485
Podkarpackie;zda³o;mê¿czyŸni;2014;5678
Podkarpackie;zda³o;kobiety;2014;7663
Podkarpackie;zda³o;mê¿czyŸni;2015;6035
Podkarpackie;zda³o;kobiety;2015;7394
Podkarpackie;zda³o;mê¿czyŸni;2016;5870
Podkarpackie;zda³o;kobiety;2016;7608
Podkarpackie;zda³o;mê¿czyŸni;2017;5850
Podkarpackie;zda³o;kobiety;2017;7355
Podkarpackie;zda³o;mê¿czyŸni;2018;5712
Podkarpackie;zda³o;kobiety;2018;7112
Podlaskie;przyst¹pi³o;mê¿czyŸni;2010;6004
Podlaskie;przyst¹pi³o;kobiety;2010;7371
Podlaskie;przyst¹pi³o;mê¿czyŸni;2011;5643
Podlaskie;przyst¹pi³o;kobiety;2011;6970
Podlaskie;przyst¹pi³o;mê¿czyŸni;2012;5483
Podlaskie;przyst¹pi³o;kobiety;2012;6721
Podlaskie;przyst¹pi³o;mê¿czyŸni;2013;5360
Podlaskie;przyst¹pi³o;kobiety;2013;6375
Podlaskie;przyst¹pi³o;mê¿czyŸni;2014;4867
Podlaskie;przyst¹pi³o;kobiety;2014;5907
Podlaskie;przyst¹pi³o;mê¿czyŸni;2015;4441
Podlaskie;przyst¹pi³o;kobiety;2015;5390
Podlaskie;przyst¹pi³o;mê¿czyŸni;2016;4112
Podlaskie;przyst¹pi³o;kobiety;2016;5032
Podlaskie;przyst¹pi³o;mê¿czyŸni;2017;4108
Podlaskie;przyst¹pi³o;kobiety;2017;4824
Podlaskie;przyst¹pi³o;mê¿czyŸni;2018;3797
Podlaskie;przyst¹pi³o;kobiety;2018;4624
Podlaskie;zda³o;mê¿czyŸni;2010;4785
Podlaskie;zda³o;kobiety;2010;6024
Podlaskie;zda³o;mê¿czyŸni;2011;4271
Podlaskie;zda³o;kobiety;2011;5412
Podlaskie;zda³o;mê¿czyŸni;2012;4429
Podlaskie;zda³o;kobiety;2012;5545
Podlaskie;zda³o;mê¿czyŸni;2013;4294
Podlaskie;zda³o;kobiety;2013;5309
Podlaskie;zda³o;mê¿czyŸni;2014;3380
Podlaskie;zda³o;kobiety;2014;4474
Podlaskie;zda³o;mê¿czyŸni;2015;3253
Podlaskie;zda³o;kobiety;2015;4164
Podlaskie;zda³o;mê¿czyŸni;2016;3277
Podlaskie;zda³o;kobiety;2016;4120
Podlaskie;zda³o;mê¿czyŸni;2017;3292
Podlaskie;zda³o;kobiety;2017;3891
Podlaskie;zda³o;mê¿czyŸni;2018;3028
Podlaskie;zda³o;kobiety;2018;3809
Pomorskie;przyst¹pi³o;mê¿czyŸni;2010;9165
Pomorskie;przyst¹pi³o;kobiety;2010;11798
Pomorskie;przyst¹pi³o;mê¿czyŸni;2011;8546
Pomorskie;przyst¹pi³o;kobiety;2011;10811
Pomorskie;przyst¹pi³o;mê¿czyŸni;2012;8110
Pomorskie;przyst¹pi³o;kobiety;2012;10329
Pomorskie;przyst¹pi³o;mê¿czyŸni;2013;7735
Pomorskie;przyst¹pi³o;kobiety;2013;9820
Pomorskie;przyst¹pi³o;mê¿czyŸni;2014;7264
Pomorskie;przyst¹pi³o;kobiety;2014;9173
Pomorskie;przyst¹pi³o;mê¿czyŸni;2015;7054
Pomorskie;przyst¹pi³o;kobiety;2015;8910
Pomorskie;przyst¹pi³o;mê¿czyŸni;2016;6338
Pomorskie;przyst¹pi³o;kobiety;2016;8117
Pomorskie;przyst¹pi³o;mê¿czyŸni;2017;6626
Pomorskie;przyst¹pi³o;kobiety;2017;8244
Pomorskie;przyst¹pi³o;mê¿czyŸni;2018;6665
Pomorskie;przyst¹pi³o;kobiety;2018;7933
Pomorskie;zda³o;mê¿czyŸni;2010;7488
Pomorskie;zda³o;kobiety;2010;9629
Pomorskie;zda³o;mê¿czyŸni;2011;6503
Pomorskie;zda³o;kobiety;2011;7938
Pomorskie;zda³o;mê¿czyŸni;2012;6546
Pomorskie;zda³o;kobiety;2012;8260
Pomorskie;zda³o;mê¿czyŸni;2013;6247
Pomorskie;zda³o;kobiety;2013;7938
Pomorskie;zda³o;mê¿czyŸni;2014;5200
Pomorskie;zda³o;kobiety;2014;6476
Pomorskie;zda³o;mê¿czyŸni;2015;5259
Pomorskie;zda³o;kobiety;2015;6428
Pomorskie;zda³o;mê¿czyŸni;2016;5071
Pomorskie;zda³o;kobiety;2016;6414
Pomorskie;zda³o;mê¿czyŸni;2017;5198
Pomorskie;zda³o;kobiety;2017;6418
Pomorskie;zda³o;mê¿czyŸni;2018;5171
Pomorskie;zda³o;kobiety;2018;6133
Œl¹skie;przyst¹pi³o;mê¿czyŸni;2010;19020
Œl¹skie;przyst¹pi³o;kobiety;2010;22991
Œl¹skie;przyst¹pi³o;mê¿czyŸni;2011;17624
Œl¹skie;przyst¹pi³o;kobiety;2011;21466
Œl¹skie;przyst¹pi³o;mê¿czyŸni;2012;16497
Œl¹skie;przyst¹pi³o;kobiety;2012;19682
Œl¹skie;przyst¹pi³o;mê¿czyŸni;2013;15809
Œl¹skie;przyst¹pi³o;kobiety;2013;19232
Œl¹skie;przyst¹pi³o;mê¿czyŸni;2014;14522
Œl¹skie;przyst¹pi³o;kobiety;2014;17211
Œl¹skie;przyst¹pi³o;mê¿czyŸni;2015;13707
Œl¹skie;przyst¹pi³o;kobiety;2015;16100
Œl¹skie;przyst¹pi³o;mê¿czyŸni;2016;13039
Œl¹skie;przyst¹pi³o;kobiety;2016;15322
Œl¹skie;przyst¹pi³o;mê¿czyŸni;2017;13288
Œl¹skie;przyst¹pi³o;kobiety;2017;15054
Œl¹skie;przyst¹pi³o;mê¿czyŸni;2018;12633
Œl¹skie;przyst¹pi³o;kobiety;2018;14565
Œl¹skie;zda³o;mê¿czyŸni;2010;15412
Œl¹skie;zda³o;kobiety;2010;19030
Œl¹skie;zda³o;mê¿czyŸni;2011;13276
Œl¹skie;zda³o;kobiety;2011;16329
Œl¹skie;zda³o;mê¿czyŸni;2012;13214
Œl¹skie;zda³o;kobiety;2012;16004
Œl¹skie;zda³o;mê¿czyŸni;2013;12800
Œl¹skie;zda³o;kobiety;2013;15785
Œl¹skie;zda³o;mê¿czyŸni;2014;10163
Œl¹skie;zda³o;kobiety;2014;12367
Œl¹skie;zda³o;mê¿czyŸni;2015;10354
Œl¹skie;zda³o;kobiety;2015;12208
Œl¹skie;zda³o;mê¿czyŸni;2016;10086
Œl¹skie;zda³o;kobiety;2016;11963
Œl¹skie;zda³o;mê¿czyŸni;2017;10242
Œl¹skie;zda³o;kobiety;2017;11670
Œl¹skie;zda³o;mê¿czyŸni;2018;9851
Œl¹skie;zda³o;kobiety;2018;11680
Œwiêtokrzyskie;przyst¹pi³o;mê¿czyŸni;2010;5943
Œwiêtokrzyskie;przyst¹pi³o;kobiety;2010;7533
Œwiêtokrzyskie;przyst¹pi³o;mê¿czyŸni;2011;5590
Œwiêtokrzyskie;przyst¹pi³o;kobiety;2011;7252
Œwiêtokrzyskie;przyst¹pi³o;mê¿czyŸni;2012;5442
Œwiêtokrzyskie;przyst¹pi³o;kobiety;2012;7093
Œwiêtokrzyskie;przyst¹pi³o;mê¿czyŸni;2013;5179
Œwiêtokrzyskie;przyst¹pi³o;kobiety;2013;6382
Œwiêtokrzyskie;przyst¹pi³o;mê¿czyŸni;2014;4776
Œwiêtokrzyskie;przyst¹pi³o;kobiety;2014;6022
Œwiêtokrzyskie;przyst¹pi³o;mê¿czyŸni;2015;4471
Œwiêtokrzyskie;przyst¹pi³o;kobiety;2015;5710
Œwiêtokrzyskie;przyst¹pi³o;mê¿czyŸni;2016;4229
Œwiêtokrzyskie;przyst¹pi³o;kobiety;2016;5305
Œwiêtokrzyskie;przyst¹pi³o;mê¿czyŸni;2017;3969
Œwiêtokrzyskie;przyst¹pi³o;kobiety;2017;5238
Œwiêtokrzyskie;przyst¹pi³o;mê¿czyŸni;2018;4066
Œwiêtokrzyskie;przyst¹pi³o;kobiety;2018;4777
Œwiêtokrzyskie;zda³o;mê¿czyŸni;2010;4604
Œwiêtokrzyskie;zda³o;kobiety;2010;6189
Œwiêtokrzyskie;zda³o;mê¿czyŸni;2011;4156
Œwiêtokrzyskie;zda³o;kobiety;2011;5641
Œwiêtokrzyskie;zda³o;mê¿czyŸni;2012;4152
Œwiêtokrzyskie;zda³o;kobiety;2012;5612
Œwiêtokrzyskie;zda³o;mê¿czyŸni;2013;4030
Œwiêtokrzyskie;zda³o;kobiety;2013;5150
Œwiêtokrzyskie;zda³o;mê¿czyŸni;2014;3268
Œwiêtokrzyskie;zda³o;kobiety;2014;4407
Œwiêtokrzyskie;zda³o;mê¿czyŸni;2015;3302
Œwiêtokrzyskie;zda³o;kobiety;2015;4351
Œwiêtokrzyskie;zda³o;mê¿czyŸni;2016;3322
Œwiêtokrzyskie;zda³o;kobiety;2016;4315
Œwiêtokrzyskie;zda³o;mê¿czyŸni;2017;3035
Œwiêtokrzyskie;zda³o;kobiety;2017;4172
Œwiêtokrzyskie;zda³o;mê¿czyŸni;2018;3208
Œwiêtokrzyskie;zda³o;kobiety;2018;3869
Warmiñsko-Mazurskie;przyst¹pi³o;mê¿czyŸni;2010;5889
Warmiñsko-Mazurskie;przyst¹pi³o;kobiety;2010;7890
Warmiñsko-Mazurskie;przyst¹pi³o;mê¿czyŸni;2011;5701
Warmiñsko-Mazurskie;przyst¹pi³o;kobiety;2011;7398
Warmiñsko-Mazurskie;przyst¹pi³o;mê¿czyŸni;2012;5315
Warmiñsko-Mazurskie;przyst¹pi³o;kobiety;2012;7134
Warmiñsko-Mazurskie;przyst¹pi³o;mê¿czyŸni;2013;4979
Warmiñsko-Mazurskie;przyst¹pi³o;kobiety;2013;6537
Warmiñsko-Mazurskie;przyst¹pi³o;mê¿czyŸni;2014;4729
Warmiñsko-Mazurskie;przyst¹pi³o;kobiety;2014;6257
Warmiñsko-Mazurskie;przyst¹pi³o;mê¿czyŸni;2015;4382
Warmiñsko-Mazurskie;przyst¹pi³o;kobiety;2015;5751
Warmiñsko-Mazurskie;przyst¹pi³o;mê¿czyŸni;2016;4048
Warmiñsko-Mazurskie;przyst¹pi³o;kobiety;2016;5318
Warmiñsko-Mazurskie;przyst¹pi³o;mê¿czyŸni;2017;4126
Warmiñsko-Mazurskie;przyst¹pi³o;kobiety;2017;5146
Warmiñsko-Mazurskie;przyst¹pi³o;mê¿czyŸni;2018;3919
Warmiñsko-Mazurskie;przyst¹pi³o;kobiety;2018;4907
Warmiñsko-Mazurskie;zda³o;mê¿czyŸni;2010;4745
Warmiñsko-Mazurskie;zda³o;kobiety;2010;6340
Warmiñsko-Mazurskie;zda³o;mê¿czyŸni;2011;4174
Warmiñsko-Mazurskie;zda³o;kobiety;2011;5428
Warmiñsko-Mazurskie;zda³o;mê¿czyŸni;2012;4125
Warmiñsko-Mazurskie;zda³o;kobiety;2012;5615
Warmiñsko-Mazurskie;zda³o;mê¿czyŸni;2013;3926
Warmiñsko-Mazurskie;zda³o;kobiety;2013;5290
Warmiñsko-Mazurskie;zda³o;mê¿czyŸni;2014;3174
Warmiñsko-Mazurskie;zda³o;kobiety;2014;4266
Warmiñsko-Mazurskie;zda³o;mê¿czyŸni;2015;3164
Warmiñsko-Mazurskie;zda³o;kobiety;2015;4022
Warmiñsko-Mazurskie;zda³o;mê¿czyŸni;2016;3085
Warmiñsko-Mazurskie;zda³o;kobiety;2016;4024
Warmiñsko-Mazurskie;zda³o;mê¿czyŸni;2017;3126
Warmiñsko-Mazurskie;zda³o;kobiety;2017;3742
Warmiñsko-Mazurskie;zda³o;mê¿czyŸni;2018;2968
Warmiñsko-Mazurskie;zda³o;kobiety;2018;3867
Wielkopolskie;przyst¹pi³o;mê¿czyŸni;2010;14251
Wielkopolskie;przyst¹pi³o;kobiety;2010;18497
Wielkopolskie;przyst¹pi³o;mê¿czyŸni;2011;13173
Wielkopolskie;przyst¹pi³o;kobiety;2011;17444
Wielkopolskie;przyst¹pi³o;mê¿czyŸni;2012;12877
Wielkopolskie;przyst¹pi³o;kobiety;2012;16844
Wielkopolskie;przyst¹pi³o;mê¿czyŸni;2013;11963
Wielkopolskie;przyst¹pi³o;kobiety;2013;15769
Wielkopolskie;przyst¹pi³o;mê¿czyŸni;2014;11132
Wielkopolskie;przyst¹pi³o;kobiety;2014;14789
Wielkopolskie;przyst¹pi³o;mê¿czyŸni;2015;10760
Wielkopolskie;przyst¹pi³o;kobiety;2015;13823
Wielkopolskie;przyst¹pi³o;mê¿czyŸni;2016;10123
Wielkopolskie;przyst¹pi³o;kobiety;2016;13093
Wielkopolskie;przyst¹pi³o;mê¿czyŸni;2017;10113
Wielkopolskie;przyst¹pi³o;kobiety;2017;13015
Wielkopolskie;przyst¹pi³o;mê¿czyŸni;2018;9824
Wielkopolskie;przyst¹pi³o;kobiety;2018;12386
Wielkopolskie;zda³o;mê¿czyŸni;2010;11337
Wielkopolskie;zda³o;kobiety;2010;15243
Wielkopolskie;zda³o;mê¿czyŸni;2011;9838
Wielkopolskie;zda³o;kobiety;2011;13245
Wielkopolskie;zda³o;mê¿czyŸni;2012;10317
Wielkopolskie;zda³o;kobiety;2012;13534
Wielkopolskie;zda³o;mê¿czyŸni;2013;9524
Wielkopolskie;zda³o;kobiety;2013;12803
Wielkopolskie;zda³o;mê¿czyŸni;2014;7765
Wielkopolskie;zda³o;kobiety;2014;10340
Wielkopolskie;zda³o;mê¿czyŸni;2015;7821
Wielkopolskie;zda³o;kobiety;2015;10006
Wielkopolskie;zda³o;mê¿czyŸni;2016;7964
Wielkopolskie;zda³o;kobiety;2016;10246
Wielkopolskie;zda³o;mê¿czyŸni;2017;7929
Wielkopolskie;zda³o;kobiety;2017;10110
Wielkopolskie;zda³o;mê¿czyŸni;2018;7648
Wielkopolskie;zda³o;kobiety;2018;9973
Zachodniopomorskie;przyst¹pi³o;mê¿czyŸni;2010;6235
Zachodniopomorskie;przyst¹pi³o;kobiety;2010;8349
Zachodniopomorskie;przyst¹pi³o;mê¿czyŸni;2011;5604
Zachodniopomorskie;przyst¹pi³o;kobiety;2011;7642
Zachodniopomorskie;przyst¹pi³o;mê¿czyŸni;2012;5558
Zachodniopomorskie;przyst¹pi³o;kobiety;2012;7143
Zachodniopomorskie;przyst¹pi³o;mê¿czyŸni;2013;5468
Zachodniopomorskie;przyst¹pi³o;kobiety;2013;6939
Zachodniopomorskie;przyst¹pi³o;mê¿czyŸni;2014;5125
Zachodniopomorskie;przyst¹pi³o;kobiety;2014;6594
Zachodniopomorskie;przyst¹pi³o;mê¿czyŸni;2015;4720
Zachodniopomorskie;przyst¹pi³o;kobiety;2015;5924
Zachodniopomorskie;przyst¹pi³o;mê¿czyŸni;2016;4368
Zachodniopomorskie;przyst¹pi³o;kobiety;2016;5488
Zachodniopomorskie;przyst¹pi³o;mê¿czyŸni;2017;4445
Zachodniopomorskie;przyst¹pi³o;kobiety;2017;5301
Zachodniopomorskie;przyst¹pi³o;mê¿czyŸni;2018;4172
Zachodniopomorskie;przyst¹pi³o;kobiety;2018;5215
Zachodniopomorskie;zda³o;mê¿czyŸni;2010;5055
Zachodniopomorskie;zda³o;kobiety;2010;6624
Zachodniopomorskie;zda³o;mê¿czyŸni;2011;4129
Zachodniopomorskie;zda³o;kobiety;2011;5573
Zachodniopomorskie;zda³o;mê¿czyŸni;2012;4342
Zachodniopomorskie;zda³o;kobiety;2012;5573
Zachodniopomorskie;zda³o;mê¿czyŸni;2013;4323
Zachodniopomorskie;zda³o;kobiety;2013;5507
Zachodniopomorskie;zda³o;mê¿czyŸni;2014;3499
Zachodniopomorskie;zda³o;kobiety;2014;4327
Zachodniopomorskie;zda³o;mê¿czyŸni;2015;3386
Zachodniopomorskie;zda³o;kobiety;2015;4081
Zachodniopomorskie;zda³o;mê¿czyŸni;2016;3375
Zachodniopomorskie;zda³o;kobiety;2016;4144
Zachodniopomorskie;zda³o;mê¿czyŸni;2017;3357
Zachodniopomorskie;zda³o;kobiety;2017;3875
Zachodniopomorskie;zda³o;mê¿czyŸni;2018;3247
Zachodniopomorskie;zda³o;kobiety;2018;3964
